Workbook

Sheet BANG CAN
A1: BẢNG CÂN XUẤT HÀNG
A2: Mỗi file = 1 đợt xuất hàng. Danh sách xe & tài xế của đợt này nằm ở sheet "DS XE - TAI XE" trong CÙNG file — chỉ áp dụng cho bảng cân này.
A3: Đơn vị xuất: | H3: Số phiếu: | J3: =COUNT(I8:I1007) -> 0 | K3: Từ ngày: | L3: =IF(COUNT(C8:C1007)=0,"",MIN(C8:C1007))
A4: Tàu / chuyến: | H4: Tổng khối lượng (kg): | J4: =SUM(I8:I1007) -> 0 | K4: Đến ngày: | L4: =IF(COUNT(C8:C1007)=0,"",MAX(C8:C1007))
A5: Kho xuất (bàn cân): | H5: Tổng khối lượng (tấn): | J5: =ROUND(SUM(I8:I1007)/1000,2) -> 0 | K5: Chưa có trong DS xe: | L5: =COUNTIF(L8:L1007,"Chưa có*") -> 0
A7: STT | B7: Số phiếu | C7: Ngày cân | D7: Giờ cân vào | E7: Giờ cân ra | F7: Biển số xe | G7: Cân lần 1 (xe không) (kg) | H7: Cân lần 2 (có hàng) (kg) | I7: Khối lượng hàng (kg) | J7: Kho xuất | K7: Ghi chú | L7: Kiểm tra DS xe
A8: =IF(F8="","",COUNTA($F$8:F8)) | I8: =IF(OR(G8="",H8=""),"",H8-G8) | L8: =IF(F8="","",IF(COUNTIF('DS XE - TAI XE'!$B$6:$B$505,F8)>0,"✓ Có","Chưa có trong DS xe"))
A9: =IF(F9="","",COUNTA($F$8:F9)) | I9: =IF(OR(G9="",H9=""),"",H9-G9) | L9: =IF(F9="","",IF(COUNTIF('DS XE - TAI XE'!$B$6:$B$505,F9)>0,"✓ Có","Chưa có trong DS xe"))
A10: =IF(F10="","",COUNTA($F$8:F10)) | I10: =IF(OR(G10="",H10=""),"",H10-G10) | L10: =IF(F10="","",IF(COUNTIF('DS XE - TAI XE'!$B$6:$B$505,F10)>0,"✓ Có","Chưa có trong DS xe"))
A11: =IF(F11="","",COUNTA($F$8:F11)) | I11: =IF(OR(G11="",H11=""),"",H11-G11) | L11: =IF(F11="","",IF(COUNTIF('DS XE - TAI XE'!$B$6:$B$505,F11)>0,"✓ Có","Chưa có trong DS xe"))
A12: =IF(F12="","",COUNTA($F$8:F12)) | I12: =IF(OR(G12="",H12=""),"",H12-G12) | L12: =IF(F12="","",IF(COUNTIF('DS XE - TAI XE'!$B$6:$B$505,F12)>0,"✓ Có","Chưa có trong DS xe"))
A13: =IF(F13="","",COUNTA($F$8:F13)) | I13: =IF(OR(G13="",H13=""),"",H13-G13) | L13: =IF(F13="","",IF(COUNTIF('DS XE - TAI XE'!$B$6:$B$505,F13)>0,"✓ Có","Chưa có trong DS xe"))
A14: =IF(F14="","",COUNTA($F$8:F14)) | I14: =IF(OR(G14="",H14=""),"",H14-G14) | L14: =IF(F14="","",IF(COUNTIF('DS XE - TAI XE'!$B$6:$B$505,F14)>0,"✓ Có","Chưa có trong DS xe"))
A15: =IF(F15="","",COUNTA($F$8:F15)) | I15: =IF(OR(G15="",H15=""),"",H15-G15) | L15: =IF(F15="","",IF(COUNTIF('DS XE - TAI XE'!$B$6:$B$505,F15)>0,"✓ Có","Chưa có trong DS xe"))
A16: =IF(F16="","",COUNTA($F$8:F16)) | I16: =IF(OR(G16="",H16=""),"",H16-G16) | L16: =IF(F16="","",IF(COUNTIF('DS XE - TAI XE'!$B$6:$B$505,F16)>0,"✓ Có","Chưa có trong DS xe"))
A17: =IF(F17="","",COUNTA($F$8:F17)) | I17: =IF(OR(G17="",H17=""),"",H17-G17) | L17: =IF(F17="","",IF(COUNTIF('DS XE - TAI XE'!$B$6:$B$505,F17)>0,"✓ Có","Chưa có trong DS xe"))
A18: =IF(F18="","",COUNTA($F$8:F18)) | I18: =IF(OR(G18="",H18=""),"",H18-G18) | L18: =IF(F18="","",IF(COUNTIF('DS XE - TAI XE'!$B$6:$B$505,F18)>0,"✓ Có","Chưa có trong DS xe"))
A19: =IF(F19="","",COUNTA($F$8:F19)) | I19: =IF(OR(G19="",H19=""),"",H19-G19) | L19: =IF(F19="","",IF(COUNTIF('DS XE - TAI XE'!$B$6:$B$505,F19)>0,"✓ Có","Chưa có trong DS xe"))
... A1007: =IF(F1007="","",COUNTA($F$8:F1007)) | I1007: =IF(OR(G1007="",H1007=""),"",H1007-G1007) | L1007: =IF(F1007="","",IF(COUNTIF('DS XE - TAI XE'!$B$6:$B$505,F1007)>0,"✓ Có","Chưa có trong DS xe"))

Sheet DS XE - TAI XE
A1: DANH SÁCH XE VÀ TÀI XẾ VẬN CHUYỂN
A2: Chỉ có hiệu lực cho bảng cân (sheet "BANG CAN") trong cùng file này — không áp dụng cho lô, tàu, đợt khác. Mỗi đợt xuất hàng lập 1 danh sách riêng.
A3: Áp dụng cho tàu / đợt: | C3: =IF('BANG CAN'!C4="","(ghi tàu / chuyến ở sheet BANG CAN)",'BANG CAN'!C4) -> (ghi tàu / chuyến ở sheet BANG CAN) | G3: Số lượng xe: | H3: =COUNTA(B6:B505) -> 0
A5: STT | B5: Biển số xe | C5: Họ và tên tài xế | D5: Số điện thoại | E5: Mã ĐVVC | F5: Tên đơn vị vận chuyển | G5: Số chuyến trong bảng cân | H5: Ghi chú
A6: =IF(B6="","",COUNTA($B$6:B6)) | F6: =IF(E6="","",IFERROR(INDEX('MA DVVC'!$B$4:$B$53,MATCH(E6,'MA DVVC'!$A$4:$A$53,0)),"Mã chưa có trong MA DVVC")) | G6: =IF(B6="","",COUNTIF('BANG CAN'!$F$8:$F$1007,B6))
A7: =IF(B7="","",COUNTA($B$6:B7)) | F7: =IF(E7="","",IFERROR(INDEX('MA DVVC'!$B$4:$B$53,MATCH(E7,'MA DVVC'!$A$4:$A$53,0)),"Mã chưa có trong MA DVVC")) | G7: =IF(B7="","",COUNTIF('BANG CAN'!$F$8:$F$1007,B7))
A8: =IF(B8="","",COUNTA($B$6:B8)) | F8: =IF(E8="","",IFERROR(INDEX('MA DVVC'!$B$4:$B$53,MATCH(E8,'MA DVVC'!$A$4:$A$53,0)),"Mã chưa có trong MA DVVC")) | G8: =IF(B8="","",COUNTIF('BANG CAN'!$F$8:$F$1007,B8))
A9: =IF(B9="","",COUNTA($B$6:B9)) | F9: =IF(E9="","",IFERROR(INDEX('MA DVVC'!$B$4:$B$53,MATCH(E9,'MA DVVC'!$A$4:$A$53,0)),"Mã chưa có trong MA DVVC")) | G9: =IF(B9="","",COUNTIF('BANG CAN'!$F$8:$F$1007,B9))
A10: =IF(B10="","",COUNTA($B$6:B10)) | F10: =IF(E10="","",IFERROR(INDEX('MA DVVC'!$B$4:$B$53,MATCH(E10,'MA DVVC'!$A$4:$A$53,0)),"Mã chưa có trong MA DVVC")) | G10: =IF(B10="","",COUNTIF('BANG CAN'!$F$8:$F$1007,B10))
A11: =IF(B11="","",COUNTA($B$6:B11)) | F11: =IF(E11="","",IFERROR(INDEX('MA DVVC'!$B$4:$B$53,MATCH(E11,'MA DVVC'!$A$4:$A$53,0)),"Mã chưa có trong MA DVVC")) | G11: =IF(B11="","",COUNTIF('BANG CAN'!$F$8:$F$1007,B11))
A12: =IF(B12="","",COUNTA($B$6:B12)) | F12: =IF(E12="","",IFERROR(INDEX('MA DVVC'!$B$4:$B$53,MATCH(E12,'MA DVVC'!$A$4:$A$53,0)),"Mã chưa có trong MA DVVC")) | G12: =IF(B12="","",COUNTIF('BANG CAN'!$F$8:$F$1007,B12))
A13: =IF(B13="","",COUNTA($B$6:B13)) | F13: =IF(E13="","",IFERROR(INDEX('MA DVVC'!$B$4:$B$53,MATCH(E13,'MA DVVC'!$A$4:$A$53,0)),"Mã chưa có trong MA DVVC")) | G13: =IF(B13="","",COUNTIF('BANG CAN'!$F$8:$F$1007,B13))
A14: =IF(B14="","",COUNTA($B$6:B14)) | F14: =IF(E14="","",IFERROR(INDEX('MA DVVC'!$B$4:$B$53,MATCH(E14,'MA DVVC'!$A$4:$A$53,0)),"Mã chưa có trong MA DVVC")) | G14: =IF(B14="","",COUNTIF('BANG CAN'!$F$8:$F$1007,B14))
A15: =IF(B15="","",COUNTA($B$6:B15)) | F15: =IF(E15="","",IFERROR(INDEX('MA DVVC'!$B$4:$B$53,MATCH(E15,'MA DVVC'!$A$4:$A$53,0)),"Mã chưa có trong MA DVVC")) | G15: =IF(B15="","",COUNTIF('BANG CAN'!$F$8:$F$1007,B15))
A16: =IF(B16="","",COUNTA($B$6:B16)) | F16: =IF(E16="","",IFERROR(INDEX('MA DVVC'!$B$4:$B$53,MATCH(E16,'MA DVVC'!$A$4:$A$53,0)),"Mã chưa có trong MA DVVC")) | G16: =IF(B16="","",COUNTIF('BANG CAN'!$F$8:$F$1007,B16))
A17: =IF(B17="","",COUNTA($B$6:B17)) | F17: =IF(E17="","",IFERROR(INDEX('MA DVVC'!$B$4:$B$53,MATCH(E17,'MA DVVC'!$A$4:$A$53,0)),"Mã chưa có trong MA DVVC")) | G17: =IF(B17="","",COUNTIF('BANG CAN'!$F$8:$F$1007,B17))
... A505: =IF(B505="","",COUNTA($B$6:B505)) | F505: =IF(E505="","",IFERROR(INDEX('MA DVVC'!$B$4:$B$53,MATCH(E505,'MA DVVC'!$A$4:$A$53,0)),"Mã chưa có trong MA DVVC")) | G505: =IF(B505="","",COUNTIF('BANG CAN'!$F$8:$F$1007,B505))

Sheet MA DVVC
A1: BẢNG MÃ ĐƠN VỊ VẬN CHUYỂN
A2: Phải trùng với app: Cài đặt → Chung → Mã ĐVVC. Thêm đơn vị mới: ghi tiếp bên dưới (tối đa 50 dòng).
A3: Mã ĐVVC | B3: Tên đơn vị vận chuyển
A4: HAK | B4: Công Ty TNHH Hoàng Anh Khôi
A5: HAK QN | B5: Công Ty TNHH Hoàng Anh Khôi Quảng Nam
A6: ĐH | B6: Công Ty TNHH SX TM DV Đại Hiệp
A7: HHH | B7: CÔNG TY TNHH DỊCH VỤ VÀ VẬN TẢI HÙNG HOÀNG HOA

Sheet HUONG DAN
B1: HƯỚNG DẪN SỬ DỤNG FILE MẪU
B3: 1. Nguyên tắc
B5: • Mỗi đợt xuất hàng (1 tàu / 1 lô) = 1 file. Lưu file theo tên đợt, ví dụ: BangCan_JR-SOPHIA-V2501_16-20.08.2026.xlsx
B6: • Danh sách xe & tài xế nằm ở sheet "DS XE - TAI XE" của CHÍNH file đó và chỉ áp dụng cho bảng cân trong file — không dùng cho lô, tàu khác.
B7: • Ô nền vàng, chữ xanh = ô cần nhập. Ô nền xám / chữ đen = công thức tự tính, không sửa.
B8: 2. Sheet "BANG CAN" — bảng cân xuất hàng
B9: • Ghi Đơn vị xuất, Tàu / chuyến, Kho xuất ở đầu sheet.
B10: • Mỗi phiếu cân 1 dòng: Số phiếu, Ngày cân (dd/mm/yyyy), Giờ cân vào / ra (gõ 07:05 hoặc 07:05:30), Biển số xe (chọn từ danh sách xe), Cân lần 1 (xe không), Cân lần 2 (có hàng) — đơn vị kg.
B11: • Khối lượng hàng tự tính = Cân lần 2 − Cân lần 1. Phần mềm cân đã xuất sẵn khối lượng hàng thì dán đè vào cột này.
B12: • Cột "Kiểm tra DS xe" báo đỏ "Chưa có trong DS xe" nếu biển số chưa có trong danh sách xe của đợt → bổ sung trước khi đưa vào app.
B13: • Có thể dán thẳng dữ liệu xuất từ phần mềm cân vào từ dòng 8 (giữ đúng thứ tự cột). Không chèn / xóa dòng tiêu đề (dòng 7).
B14: 3. Sheet "DS XE - TAI XE" — danh sách xe của đợt
... B24: DS XE - TAI XE: Biển số xe: 92C-12884 | Họ và tên tài xế: Nguyễn Văn An | Số điện thoại: 0905 123 456 | Mã ĐVVC: HHH → CÔNG TY TNHH DỊCH VỤ VÀ VẬN TẢI HÙNG HOÀNG HOA
